"","yr","beneficiario","monto"
"1","2012","TV Azteca  / Estudios Chrubusco",2215747714.21786
"2","2012","Televisa",1726940548.0973
"3","2012","MEDIA PLANNING GROUP",649720136.934825
"4","2012","Imagen",502441240.558134
"5","2012","Grupo Fórmula / PM Onstreet",381207287.050618
"6","2012","RADIO Y TELEVISION DE HIDALGO.",302636654.11361
"7","2012","Milenio",217471822.903295
"8","2012","MAKE PRO",215540280.768787
"9","2012","ISA Corporativo",179767854.223347
"10","2012","RADIORAMA",162948129.07209
"11","2012","BUILDING AND SERVICES",160256162.52595
"12","2012","NRM COMUNICACIONES / PROMOTORA DE RADIO/NUCLEO RADIO MIL",135713174.845439
"13","2012","GRC COMUNICACIONES",122622568.357522
"14","2012","MEDIA CONTACTS",112376950.028884
"15","2012","LEISURE OPPORTUNITIES LLC (PROMOTUR )",107177045.993714
"16","2012","SOCIEDAD MEXICANA DE LA RADIO",100013104.104268
"17","2012","MEDIOS MASIVOS MEXICANOS  (VARIOS PERIODICOS)",99732578.0590063
"18","2012","El Universal",97700012.2180211
"19","2012","MULTIMEDIOS",95332159.0534184
"20","2012","5M2",87937093.1561661
"21","2013","Televisa",1352430864.82991
"22","2013","TV Azteca  / Estudios Chrubusco",1339386995.09853
"23","2013","STARCOM  WORLDWIDE, INC. (PROMOTUR)  (NEW YORK, EUA)",455260598.858644
"24","2013","MEDIA PLANNING GROUP",271498817.778528
"25","2013","STARCOM WORLDWIDE",248281479.724295
"26","2013","Grupo Fórmula / PM Onstreet",204516133.942229
"27","2013","OLABUENAGA CHEMISTRI",200995569.356834
"28","2013","Imagen",163531961.645119
"29","2013","MEDIA CONTACTS",127643643.82836
"30","2013","RADIORAMA",89483827.0624982
"31","2013","MSL PUBLIC RELATIONS, INC (NUEVA YORK, EUA)  (PROMOTUR)",86594715.5879912
"32","2013","Milenio",82382213.1138956
"33","2013","El Universal",78685508.0063989
"34","2013","La Jornada",71873136.7331844
"35","2013","Reforma / El Norte",71755019.8021857
"36","2013","MEDIOS MASIVOS MEXICANOS  (VARIOS PERIODICOS)",70366040.656248
"37","2013","GRC COMUNICACIONES",69854623.0769493
"38","2013","NRM COMUNICACIONES / PROMOTORA DE RADIO/NUCLEO RADIO MIL",69100962.5618603
"39","2013","OGILVY PUBLIC RELATIONS WORLDWIDE, INC (NUEVA YORK)",63864869.3395885
"40","2013","SOCIEDAD MEXICANA DE RADIO",57956606.4008542
"41","2014","Televisa",1107842400.34521
"42","2014","TV Azteca  / Estudios Chrubusco",1101243271.44195
"43","2014","OEM",337216231.987688
"44","2014","Imagen",249247443.409107
"45","2014","Grupo Fórmula / PM Onstreet",243443587.428368
"46","2014","El Universal",238421866.619298
"47","2014","STARCOM  WORLDWIDE, INC. (PROMOTUR)  (NEW YORK, EUA)",206372078.83735
"48","2014","MEDIOS MASIVOS MEXICANOS  (VARIOS PERIODICOS)",138712100.62636
"49","2014","Milenio",130895102.215724
"50","2014","GRC COMUNICACIONES",122280751.335866
"51","2014","MSL GROUP AMERICAS, INC  (PROMOTUR)",120656478.495424
"52","2014","NRM COMUNICACIONES / PROMOTORA DE RADIO/NUCLEO RADIO MIL",109830994.632919
"53","2014","RADIORAMA",103504308.124976
"54","2014","La Jornada",95021085.9236909
"55","2014","Reforma / El Norte",91214520.8388644
"56","2014","MEGA DIRECT",72965701.4718141
"57","2014","RACK STAR",71404009.099843
"58","2014","STARCOM WORLDWIDE",69585879.5281373
"59","2014","5M2",69438458.5403756
"60","2014","TEAM MEDIA, S.A. (BUENOS AIRES) (PROMOTUR)",66311231.5048671
"61","2015","Televisa",2558771274.85319
"62","2015","TV Azteca  / Estudios Chrubusco",1551400885.52336
"63","2015","Grupo Fórmula / PM Onstreet",518603338.346464
"64","2015","El Universal",473644215.865969
"65","2015","Imagen",373382748.64454
"66","2015","OEM",353795692.837618
"67","2015","PERIÓDICO EXCELSIOR",337545218.90079
"68","2015","STARCOM  WORLDWIDE, INC. (PROMOTUR)  (NEW YORK, EUA)",286290570.819613
"69","2015","Milenio",251142329.149887
"70","2015","GRC COMUNICACIONES",227732780.492448
"71","2015","SISTEMA PÚBLICO DE RADIODIFUSIÓN DE L ESTADO MEXICANO (ANTES, OPMA)",218988812.998252
"72","2015","NRM COMUNICACIONES / PROMOTORA DE RADIO/NUCLEO RADIO MIL",190946768.472989
"73","2015","MEDIOS MASIVOS MEXICANOS  (VARIOS PERIODICOS)",167498749.961134
"74","2015","CORPORACIÓN DE MEDIOS INTEGRALES",163693004.937815
"75","2015","RADIORAMA",158279224.679227
"76","2015","MAC EDICIONES Y PUBLICACIONES (PERIODICO-REVISTA)",147732519.982942
"77","2015","5M2",137322162.419054
"78","2015","OLABUENAGA CHEMISTRI",124816590.212189
"79","2015","EL SOL DE MEXICO CIA. PERIODISTICA",108086119.742118
"80","2015","La Jornada",105120408.583185
"81","2016","Televisa",2052400975.66174
"82","2016","TV Azteca  / Estudios Chrubusco",1464518595.74247
"83","2016","STARCOM  WORLDWIDE, INC. (PROMOTUR)  (NEW YORK, EUA)",416991229.620829
"84","2016","Grupo Fórmula / PM Onstreet",403764443.565718
"85","2016","PERIÓDICO EXCELSIOR",375158218.194224
"86","2016","Imagen",347364452.941574
"87","2016","El Universal",285779489.468699
"88","2016","SISTEMA PÚBLICO DE RADIODIFUSIÓN DE L ESTADO MEXICANO (ANTES, OPMA)",274618474.400843
"89","2016","STARCOM WORLDWIDE",257547840.714639
"90","2016","Milenio",218797121.078005
"91","2016","MEDIOS MASIVOS MEXICANOS  (VARIOS PERIODICOS)",171075306.165131
"92","2016","GRC COMUNICACIONES",170536034.998074
"93","2016","OEM",159619898.727668
"94","2016","RACK STAR",147831816.965239
"95","2016","NRM COMUNICACIONES / PROMOTORA DE RADIO/NUCLEO RADIO MIL",138669466.808771
"96","2016","5M2",122502529.47409
"97","2016","RADIORAMA",114760219.544319
"98","2016","La Jornada",105823272.782318
"99","2016","COMERCIALIZADORA IMU",100599919.413198
"100","2016","CORPORACIÓN DE MEDIOS INTEGRALES",98813310.5253381
"101","2017","Televisa",1775697754.79931
"102","2017","TV Azteca  / Estudios Chrubusco",1317466925.85083
"103","2017","STARCOM WORLDWIDE",665318257.919062
"104","2017","Imagen",659426746.812635
"105","2017","PERIÓDICO EXCELSIOR",399752934.270422
"106","2017","SISTEMA PÚBLICO DE RADIODIFUSIÓN DE L ESTADO MEXICANO (ANTES, OPMA)",333481645.318458
"107","2017","Grupo Fórmula / PM Onstreet",297681759.985042
"108","2017","STARCOM  WORLDWIDE, INC. (PROMOTUR)  (NEW YORK, EUA)",288075010.680276
"109","2017","El Universal",217848926.271547
"110","2017","OEM",172950467.925667
"111","2017","OPERADORA MEXICANA DE TELEVISION, S .A. DE C.V. (CANAL 40)",165704045.504213
"112","2017","RACK STAR",140487969.738825
"113","2017","Milenio",134859682.672947
"114","2017","5M2",133789686.318032
"115","2017","NRM COMUNICACIONES / PROMOTORA DE RADIO/NUCLEO RADIO MIL",128872631.667668
"116","2017","La Jornada",123773867.189774
"117","2017","CONGLOMERADO DE MEDIOS INTERNACIONA LES",113347798.030621
"118","2017","COMERCIALIZADORA IMU",109524010.760076
"119","2017","RADIORAMA",107988880.936278
"120","2017","Grupo Radio Centro y Subsidiarias",107492817.749731
"121","2018","Televisa",2254571786.78275
"122","2018","TV Azteca  / Estudios Chrubusco",1587021819.00643
"123","2018","Imagen",1050388377.49267
"124","2018","Grupo Fórmula / PM Onstreet",517923062.485439
"125","2018","El Universal",451867315.258997
"126","2018","OEM",217908550.741427
"127","2018","NRM COMUNICACIONES / PROMOTORA DE RADIO/NUCLEO RADIO MIL",187463486.002705
"128","2018","Stereorey",175554423.133715
"129","2018","SISTEMA PÚBLICO DE RADIODIFUSIÓN DE L ESTADO MEXICANO (ANTES, OPMA)",173093793.400948
"130","2018","Milenio",167087985.088622
"131","2018","RACK STAR",164499142.351942
"132","2018","COMERCIALIZADORA IMU",164093444.226326
"133","2018","AMX CONTENIDO",155013944.702707
"134","2018","La Jornada",152424533.710435
"135","2018","Grupo Radio Centro y Subsidiarias",139997975.051157
"136","2018","MUNDO VET COMERCIAL",133406394.568757
"137","2018","RADIORAMA",130905820.133845
"138","2018","AP&H Communication Group",122174375.924449
"139","2018","El Financiero",115928114.676705
"140","2018","5M2",114050484.504967
"141","2019","TV Azteca  / Estudios Chrubusco",277134997.942795
"142","2019","Televisa",252304319.561367
"143","2019","La Jornada",168980060.61271
"144","2019","Grupo Fórmula / PM Onstreet",114426206.13728
"145","2019","MEDIOS MASIVOS MEXICANOS  (VARIOS PERIODICOS)",109664154.084503
"146","2019","Milenio",99993976.651147
"147","2019","Imagen",79082421.5822158
"148","2019","El Universal",66895728.3410919
"149","2019","Reforma / El Norte",44774088.8943229
"150","2019","Grupo Radio Centro y Subsidiarias",43279053.8865241
"151","2019","Cía. Ed. del Mayab / Casa de Cultura Nuestra América",36625956.4984724
"152","2019","EDICION Y PUBLICIDAD DE MEDIOS DE LOS ESTADOS, S. DE R.L. DE C.V.",36109291.3007198
"153","2019","Org. Editorial Acuario",32488752.0195474
"154","2019","ISA Corporativo",31738579.0170995
"155","2019","RADIORAMA",28653925.7792604
"156","2019","Excélsior",27135873.1161735
"157","2019","OPERADORA MEXICANA DE TELEVISION, S .A. DE C.V. (CANAL 40)",25989065.7217358
"158","2019","COMERCIALIZADORA IMU",23864411.452731
"159","2019","El Financiero",22399977.8305377
"160","2019","Stereorey",20695966.256966
"161","2020","TV Azteca  / Estudios Chrubusco",349035973.3
"162","2020","Televisa",332712418.97
"163","2020","La Jornada",258141185.08
"164","2020","Grupo Fórmula / PM Onstreet",228584890.47
"165","2020","MEDIOS MASIVOS MEXICANOS  (VARIOS PERIODICOS)",180832667.74
"166","2020","Milenio",102689024.59
"167","2020","EDICION Y PUBLICIDAD DE MEDIOS DE LOS ESTADOS, S. DE R.L. DE C.V.",79524966.54
"168","2020","Imagen",71674490.96
"169","2020","Cía. Ed. del Mayab / Casa de Cultura Nuestra América",67817839.34
"170","2020","Org. Editorial Acuario",66169051.87
"171","2020","Grupo Radio Centro y Subsidiarias",60593882.31
"172","2020","MM Online",47080795.72
"173","2020","El Universal",38871455.2
"174","2020","Excélsior",32194004.51
"175","2020","RADIO AMERICA DE MEXICO",31885942.6
"176","2020","RED DE RADIOS COMUNITARIAS DE MÉXICO, A.C.",30491643.5
"177","2020","Org. Editorial del Golfo",28385160.04
"178","2020","El Financiero",27571855.64
"179","2020","ISA Corporativo",26660396.51
"180","2020","AMX CONTENIDO",23173546.83
"181","2021","Televisa",231511682.866069
"182","2021","La Jornada",226510897.039728
"183","2021","TV Azteca  / Estudios Chrubusco",226019539.822969
"184","2021","Grupo Fórmula / PM Onstreet",190363030.289507
"185","2021","MEDIOS MASIVOS MEXICANOS  (VARIOS PERIODICOS)",149162296.518856
"186","2021","Milenio",91569078.9568701
"187","2021","Cía. Ed. del Mayab / Casa de Cultura Nuestra América",54233808.4989172
"188","2021","Org. Editorial Acuario",54004787.3732498
"189","2021","Grupo Radio Centro y Subsidiarias",51468953.7143701
"190","2021","Imagen",45248846.9710274
"191","2021","EDICION Y PUBLICIDAD DE MEDIOS DE LOS ESTADOS, S. DE R.L. DE C.V.",31376043.6434036
"192","2021","ISA Corporativo",27769307.3193122
"193","2021","Excélsior",25292379.7825841
"194","2021","5M2",25269559.8291974
"195","2021","RADIO AMERICA DE MEXICO",22279105.410974
"196","2021","Stereorey",21191669.0268672
"197","2021","EL ECONOMISTA GRUPO EDITORIAL",19330305.6067314
"198","2021","OPERADORA MEXICANA DE TELEVISION, S .A. DE C.V. (CANAL 40)",19288380.2300004
"199","2021","PERIODICO DIGITAL SENDERO, S.A.P.I. DE C.V.",18091904.041006
"200","2021","PERGOM",17886026.7728942
"201","2022","TV Azteca  / Estudios Chrubusco",284649398.789332
"202","2022","Televisa",240941675.529057
"203","2022","La Jornada",206938714.470647
"204","2022","MEDIOS MASIVOS MEXICANOS  (VARIOS PERIODICOS)",150538331.99032
"205","2022","Milenio",125925484.506731
"206","2022","Grupo Fórmula / PM Onstreet",104902387.102403
"207","2022","La B Grande",87580759.2654412
"208","2022","CADENA TRES I",62158575.3229913
"209","2022","Cía. Ed. del Mayab / Casa de Cultura Nuestra América",61009865.9531082
"210","2022","Org. Editorial Acuario",57689824.2844216
"211","2022","Grupo Radio Centro y Subsidiarias",43946913.9755678
"212","2022","Excélsior",36992895.9993721
"213","2022","Stereorey",26358708.459109
"214","2022","EDICION Y PUBLICIDAD DE MEDIOS DE LOS ESTADOS, S. DE R.L. DE C.V.",24465124.414944
"215","2022","EL ECONOMISTA GRUPO EDITORIAL",24397095.8681524
"216","2022","PERGOM",22177640.1702019
"217","2022","5M2",21475334.1310077
"218","2022","Imagen",20965376.4186863
"219","2022","Radiodifusores Mexicanos Ind.",20739907.8309775
"220","2022","OPERADORA MEXICANA DE TELEVISION, S .A. DE C.V. (CANAL 40)",20522715.6301171
"221","2023","La Jornada",116937103.482139
"222","2023","Televisa",104474187.540074
"223","2023","TV Azteca  / Estudios Chrubusco",76764520.0549082
"224","2023","Grupo Fórmula / PM Onstreet",70397179.5732477
"225","2023","La B Grande",58016226.0941026
"226","2023","Milenio",53017691.8162129
"227","2023","MEDIOS MASIVOS MEXICANOS  (VARIOS PERIODICOS)",51960600.0586343
"228","2023","ISA Corporativo",26822976.0523048
"229","2023","Org. Editorial Acuario",26230363.5619764
"230","2023","Cía. Ed. del Mayab / Casa de Cultura Nuestra América",23228933.1767875
"231","2023","Stereorey",23228199.4139413
"232","2023","5M2",21424091.2545711
"233","2023","AP&H Communication Group",20885638.5349367
"234","2023","Grupo Radio Centro y Subsidiarias",19791220.3781879
"235","2023","Excélsior",18805794.7023279
"236","2023","MM Online",15800008.163653
"237","2023","El Economista",15607514.0667705
"238","2023","PERGOM",15519411.8475395
"239","2023","Org. Editorial del Golfo",15245051.1566739
"240","2023","Radiodifusores Mexicanos Ind.",14187638.2575708
